iterations,test-F1-mean,test-F1-std,train-F1-mean,train-F1-std,test-Logloss-mean,test-Logloss-std,train-Logloss-mean,train-Logloss-std
0,0.6899533463920192,0.07344197628785508,0.6979093386224852,0.038153749758004174,0.6171024257531812,0.010634920152814897,0.6131442074279426,0.008119337222876716
1,0.6883880981223501,0.07789474253552142,0.7128035565397363,0.018513851666750163,0.5690130686542754,0.02636620210913817,0.5611988758276336,0.017274471231444297
2,0.7017214314556834,0.06332621784184168,0.7206293801001328,0.013909275148371427,0.5357531114535812,0.03324914990858622,0.5260967969811304,0.018776458360472616
3,0.7047886113186574,0.06069857733249043,0.7231840577009576,0.014323359304775055,0.5100352519198282,0.031974328649899866,0.4969839424285266,0.018413712591094315
4,0.70693717995688,0.059882450213568035,0.7263103414250613,0.017018511277205408,0.5023167423573083,0.029018674708834253,0.4839144664684295,0.020024645339956154
5,0.7144409664587582,0.042771221141342276,0.725055274183697,0.02579557336175315,0.4907214804533154,0.024170413130755495,0.472259381062185,0.021819275694563104
6,0.7095439993077789,0.038716951411341204,0.7242277477819792,0.03929542335498831,0.4832440650580237,0.027890258016505014,0.4620313184224078,0.02039194394996986
7,0.7189915101755266,0.03662956644127921,0.7296586867256838,0.028847120813990004,0.47354222468870066,0.03040105747572791,0.4503567416220099,0.02128894078298358
8,0.7247859205131573,0.0424831647218252,0.733923590510877,0.019033489369440486,0.46983018457354,0.03438267226028984,0.4452820176685247,0.021130428955735938
9,0.7330014144945963,0.039233902635914766,0.7306908652182218,0.025549214106179094,0.4661429651800019,0.03318037865440568,0.4403991105149322,0.021617821084877354
10,0.7292405987713074,0.03542572383041663,0.7364414487394473,0.027258933150528963,0.4600226500228454,0.03474630488136464,0.43390411649658667,0.018047583613026875
11,0.7312469479776567,0.03618029011526162,0.7381246764895926,0.02671706426656615,0.4572398461646145,0.03327816386536166,0.42938496511529145,0.0190203875584135
12,0.729105015719189,0.031544784124316515,0.7394264675951241,0.026435767284325076,0.45486921269190306,0.033713881467004075,0.4256623510994821,0.018260470234671904
13,0.7258304250430234,0.03327017554092529,0.739229880546381,0.0286653010226902,0.4512962338198143,0.03754878305200165,0.4220568074097327,0.015937226738254037
14,0.726027731489316,0.02614744072743288,0.7389520133730649,0.035493929596607195,0.44831793402786213,0.039762577040076505,0.41744830118911447,0.014749589274462882
15,0.7316792531368361,0.029684179071559152,0.7426011320805447,0.028838990404157362,0.4464313904552732,0.04150451941221499,0.41573141549722914,0.013265421413300999
16,0.7370381736765663,0.028356641465210997,0.7458477081736884,0.029185819646418136,0.44566188309313554,0.048733277001359834,0.4095578138062848,0.014689965673396433
17,0.7406183467686198,0.02877635363623822,0.7467941697329012,0.024509895250763327,0.4429069011106502,0.052540308740746534,0.40664070964028803,0.011670030691985009
18,0.7374453872909935,0.030119770323589222,0.749451589119633,0.028676898507541713,0.4441099718157814,0.05409171261380858,0.4044945375081725,0.012867607254320674
19,0.7374453872909935,0.030119770323589222,0.7506835560353669,0.029470519755794133,0.4428786026799775,0.05391713024703923,0.4025254218432274,0.01324975716239824
20,0.7395889366207573,0.036763816115606175,0.7514973664366079,0.028499671743009516,0.44188089232713024,0.05739162949479423,0.4007425655048891,0.013018727340488336
21,0.748511303435615,0.04469925103502278,0.7576535422763665,0.018092808887481177,0.44021984293362354,0.05904423163267617,0.399155932843839,0.011296680291684423
22,0.7513113034356149,0.04415477232466135,0.7579957340867147,0.01738021652452637,0.44107844727251455,0.060845534692702256,0.3975027859334187,0.010493513148120503
23,0.7513113034356149,0.04415477232466135,0.7606614113698289,0.017361030948770877,0.4410068356425265,0.06099395425369566,0.39602139245523194,0.010797775603067527
24,0.7462310171529827,0.04298452123928739,0.7587746883925947,0.017989054450427866,0.4404798561031666,0.060910321235760366,0.395243617953087,0.010871285457192025
25,0.743154398338143,0.047298771763860034,0.759236091317113,0.0189480821734844,0.43842486918720713,0.05935469110764409,0.3940610103153081,0.011688759331553597
26,0.7353424277005899,0.038036783788834676,0.7603501899007873,0.019061482942316462,0.4365575957146094,0.05755047605148195,0.39232419488825426,0.011355176262072775
27,0.7432941937728724,0.04819514625023153,0.7650042665843777,0.01604162672268582,0.43699756895333774,0.06023460446324887,0.38980182407863734,0.011830546345986542
28,0.7406032096993398,0.04597944743587875,0.7654557347163171,0.014558459329847291,0.43612961916339843,0.060649674107385684,0.38787313512450183,0.011444831357481968
29,0.7420269761420185,0.04750532917875382,0.7651104216100932,0.012894040569658417,0.4351089131777249,0.06216038375993937,0.38552329442013117,0.011981677853048342
30,0.7394694339450747,0.04876665230850319,0.7640799775895707,0.012558579925266095,0.43461234344583677,0.06206008949532446,0.3837753033080175,0.013430145662066139
31,0.7374334397548187,0.05335930004071141,0.7671160447430266,0.012477683880058078,0.43417681823045207,0.06476356696905503,0.3812633186168234,0.012931225632031843
32,0.7374334397548187,0.05335930004071141,0.7665101985279981,0.012952293574049508,0.43407865625294145,0.062013855776529334,0.3790547640959991,0.012619014812546745
33,0.7260070073563949,0.049321177200470696,0.7691478553749536,0.016599486358402762,0.4359080612549834,0.06051520688402447,0.3765912916412983,0.012052068242226188
34,0.7282108641057061,0.046151050014695535,0.7712380925851458,0.015450964298586155,0.436044980259517,0.060685991890222724,0.37597288951899144,0.01231420519223184
35,0.7288984679526973,0.056071757751527077,0.7702946800504578,0.013221905140986624,0.43423244441728565,0.06157970981497146,0.37320454255782776,0.012537419074823145
36,0.73000372346929,0.049602420306973344,0.7735485842353306,0.011560485722005093,0.43544542265164904,0.06361587012271933,0.37105591573080265,0.012644986510798876
37,0.73000372346929,0.049602420306973344,0.7715861766683656,0.01192891195656511,0.43588683936151407,0.06390322462142109,0.36968290565574596,0.012272943157679888
38,0.73000372346929,0.049602420306973344,0.7723964488363332,0.012861469657142625,0.4363747543581088,0.06440138877772277,0.36890687993535637,0.0126578927635018
39,0.7314255188967771,0.046660268617893956,0.7728295450215985,0.014305757029782068,0.4360402285800645,0.06396957714674902,0.36767246440148116,0.012781955704459657
40,0.7302599215459739,0.04828809532457644,0.7727936584128228,0.014112141820123016,0.43845558912223226,0.06677879463745194,0.3666524872110739,0.013279138204509476
41,0.7290870573583156,0.04862979006853207,0.7742704747342545,0.012622445247043102,0.4402595212084508,0.06953738438684232,0.3655070969157955,0.013034889767703041
42,0.7333872656496547,0.04364317556251806,0.7768108210242046,0.016134463520056125,0.44103104966925794,0.0703049385048406,0.3627152440616313,0.015666799035739053
43,0.7312547853084579,0.04593247940135412,0.7765035529502804,0.016188321010408676,0.4415136313859305,0.07063570011661008,0.3612712470422291,0.01659296229861362
44,0.733628767337935,0.046871095312646965,0.7791365804497412,0.016516870288692812,0.440928330696838,0.07074676610220913,0.35905960826692895,0.01569999567246036
45,0.733628767337935,0.046871095312646965,0.7803687513452807,0.017419299293069984,0.440546566925327,0.07094981538386823,0.3572969836105326,0.015287038903709986
46,0.735891747804663,0.04533459540807654,0.7821307936533681,0.02014997821751271,0.4400929465282969,0.07088818690421901,0.3551833683327245,0.016763934558873077
47,0.7372140618542499,0.04747672891956493,0.783122026543634,0.020524354487602096,0.44036448987242627,0.07200150073662695,0.353779069962744,0.01652642788522313
48,0.7372140618542499,0.04747672891956493,0.7818090975673925,0.020087614863082016,0.43894520868311904,0.0708103560049891,0.3515194745757335,0.017931318643437326
49,0.7347188836170048,0.04587870193426292,0.7852677191612869,0.019509285065305543,0.43883724879042607,0.07050219576491092,0.34949243917208433,0.01805871770352509
50,0.7353907911625266,0.046964495810907975,0.7856316959293047,0.018477822111394444,0.4381395066464374,0.07337604389618821,0.34683305646312695,0.017279319512117773
51,0.7378697995591679,0.04857074753431482,0.7861073696726951,0.01878566926809992,0.4398415635112796,0.07377935481467668,0.3444689162973348,0.017716406501941707
52,0.7366969353715096,0.04913804261019742,0.7881955814557022,0.020637315473673822,0.4402353051525224,0.07264624800769241,0.3424246879263015,0.01837778651242606
53,0.7315938836170048,0.048995006193802974,0.7908028678369876,0.020227616473011262,0.44007949246597755,0.07441802775494641,0.3387273311897781,0.01715051519597533
54,0.734811565731834,0.05086435816842127,0.7951244513842841,0.02166553015984331,0.4392612182395945,0.07617931839045267,0.3354324669046022,0.01735493034718234
55,0.7351584022038568,0.05514038147913323,0.7980042695678854,0.02073144593114321,0.43859795389780054,0.0772609470749037,0.33325032252272496,0.017068929812201452
56,0.7349380165289257,0.061102592468575856,0.8000310284954419,0.02392655150196701,0.44249250678928076,0.08164619717718175,0.33105713061758046,0.01855512696445134
57,0.7337457661563473,0.06134722056511187,0.8019861562497909,0.024981675486821824,0.4426879454759717,0.08163030417757385,0.3296988317467209,0.018484577435330524
58,0.7364811238039219,0.06294274272295228,0.8020280172717456,0.023032816437590958,0.44139536411810526,0.08282370330220859,0.3275535260894794,0.017627211818444812
59,0.7377758896441424,0.06403805371202402,0.8072235014602421,0.02281480526174192,0.4447981262579545,0.0873471033702647,0.325005504839877,0.018069651719345648
60,0.7377758896441424,0.06403805371202402,0.8114373427803543,0.024593090639568264,0.4474111080350437,0.09073367482626597,0.32118546280712196,0.019886588593881954
61,0.7365957165520889,0.06423193349883449,0.8125415698374594,0.025749719731076013,0.44728972811824547,0.0901421196579107,0.31918954437696406,0.019973597330720766
62,0.7322563047610087,0.062357451230404704,0.8161990591540803,0.022622672253492408,0.4481290981522532,0.09156981491345431,0.3159946937116456,0.019458061448603174
63,0.7318909504653001,0.06735600776535351,0.8207673967979799,0.02830788956604132,0.44837493050655447,0.09247392590314339,0.3130495446469524,0.020410810563953156
64,0.7342575642353197,0.06533673705246035,0.823479576932496,0.025650917188356076,0.4499695781577994,0.09446719377233048,0.31130315317274604,0.02090400609827662
65,0.7310055317149945,0.06589765931346915,0.8236513910300388,0.02596553261720124,0.4494980568830341,0.0946586208351707,0.30945784481695665,0.021029358233605376
66,0.7285509479215679,0.06477581120382979,0.82461063372348,0.025493788691901734,0.4491747726131467,0.0950365041670951,0.30759566321214626,0.021219972275066102
67,0.7304358383630675,0.06207977222787902,0.8270023074196949,0.023869973296487858,0.4446004591037075,0.09198993278946722,0.30542832482966414,0.020261644433760453
68,0.7333262652067276,0.06050726837186477,0.8299203168958929,0.02555487801451296,0.44504116950777445,0.09396385204018233,0.30327562774736994,0.020451857928392624
69,0.7320149617711126,0.05838244043726296,0.8332111501659224,0.024121146091101296,0.44479613179763494,0.09483278116754569,0.3002958506933051,0.019592286267601115
70,0.7296333949508362,0.05764445944862054,0.8338165718349855,0.02438057964000968,0.4438659678111196,0.09685001162120281,0.2983059294769156,0.018741437122077632
71,0.7307762520936933,0.057319837763051044,0.8347888849878107,0.025430904793728355,0.4455612230998286,0.09820043859319158,0.2959212860289783,0.019341721907096484
72,0.729485929513048,0.055224762524302244,0.8338587177970942,0.02561474227101929,0.4477911442981976,0.10056863313578922,0.2945851202914874,0.019365485545902353
73,0.729673918285793,0.05397204549256031,0.8377529885879712,0.025339529737081704,0.4504850366357143,0.10228676000380735,0.29073563479073417,0.019440562172814785
74,0.729673918285793,0.05397204549256031,0.8409717349077608,0.029790198821171666,0.4520194692580132,0.10263636105479303,0.2880802664355301,0.020387575981165355
75,0.7307812017503599,0.05334434489667603,0.8422642581241625,0.029504477214621776,0.4529530144955555,0.10442510557405098,0.2855180001780881,0.02049834534776295
76,0.7350633394642025,0.049324395087659345,0.845851116788394,0.026788648057039264,0.451406702350473,0.10293380977837749,0.28235254883338934,0.019928576972498193
77,0.7318931475029036,0.05258922272292482,0.8470566869138905,0.02499794378369209,0.4528739849731534,0.10401385247048872,0.280991723694048,0.019571018629143108
78,0.7326980468904801,0.05666948859190906,0.8498801414729984,0.02196970879095326,0.4522405912849434,0.1049071927772359,0.2778911445352051,0.018113120118661438
79,0.7326980468904801,0.05666948859190906,0.8516727483099741,0.021990206260545354,0.4523558693808317,0.1066602006672736,0.27510409507847566,0.018070445845009643
80,0.7358726500650834,0.06222177865279338,0.8566653385161315,0.02136681390260446,0.45427660554746724,0.10836855064817164,0.2733069717059847,0.01949870701977114
81,0.7380379420047835,0.061120287530973295,0.8605980761434571,0.02118954859213515,0.4536700615616117,0.10800522090156986,0.27072788220646504,0.020145076544278724
82,0.7380379420047835,0.061120287530973295,0.8607528048296247,0.022529192507977625,0.45343533441529144,0.10781802773626445,0.2697867737009437,0.02021478096236716
83,0.7387090852554722,0.06340357220189702,0.8619308242874052,0.024815123413156868,0.45179996652881504,0.10673129970065541,0.267586689252891,0.020547059446881646
84,0.7366343445980543,0.06541461007135874,0.8636499028268464,0.02300098412225108,0.45196098325743767,0.10639899773491183,0.26537708662277737,0.021388493308944292
85,0.7415658518788093,0.06856087230596626,0.8671298658767501,0.022642227270394645,0.4551963270990874,0.11142124599557254,0.26330425394224993,0.0223126391280286
86,0.7384522934633171,0.0703639767291044,0.8663440112598539,0.023162079667733128,0.4567442505149167,0.11342003095375287,0.261627616317363,0.022815982979953044
87,0.7384522934633171,0.0703639767291044,0.8684615767188744,0.023069179466494245,0.4565580252941056,0.11333308981212294,0.25982909422981587,0.022126769081051115
88,0.7393075865516809,0.07314856279063543,0.8695864827386514,0.02260295108644623,0.4576478963559384,0.11200813222319796,0.25745301742596827,0.022614489636019607
89,0.740477332160403,0.07733602080664109,0.8717211898438432,0.021628273648164744,0.458478332493121,0.11420085783770034,0.2550113309492734,0.021850071187006024
90,0.740477332160403,0.07733602080664109,0.8727577680163636,0.01828723502475532,0.4577478704511062,0.1144132688008235,0.2536769758719865,0.020917553297898545
91,0.741252423361202,0.07313545591593949,0.8752304338537129,0.01678407319466877,0.45722389447051864,0.11296920303446437,0.2521302484391647,0.020622719211365177
92,0.7392347068257689,0.07404498356659392,0.8744355007934483,0.018631924111127712,0.45745197718412767,0.11325101590032943,0.25140781281650637,0.02066789357354899
93,0.738789739856975,0.07196059708058097,0.8755415318702713,0.019300963076599117,0.4580124285605868,0.11243408941645011,0.25003669757101854,0.020487960669481945
94,0.7346722857887336,0.07506470613554866,0.878547845869892,0.020709931532751455,0.4598765647303896,0.11244844863601883,0.24788473476146788,0.02126691910095492
95,0.735777812241522,0.07544451083411198,0.8792039480068923,0.024109071077737142,0.4592069620089713,0.11307985154540273,0.24625631652135324,0.021781287542670988
96,0.7345949867491202,0.07711452821293784,0.881726526113475,0.023598921292266668,0.4584907207689504,0.11410521696941751,0.24534825481390915,0.021501898952205143
97,0.7336694386039757,0.07635660433028878,0.8821501203275076,0.024801834785326958,0.4600041939175009,0.11538855463265994,0.24356337783308288,0.022816307381292006
98,0.7336694386039757,0.07635660433028878,0.8830771124694217,0.02209964996687617,0.459482300452541,0.11510102148631053,0.2424521243389675,0.022939763567720255
99,0.7352774953947975,0.07575142501704306,0.8849475860694096,0.022487217783900143,0.4596277674573345,0.11618492831064292,0.24025353913371164,0.02372401348565282
100,0.737282643748679,0.07724523760495178,0.8873338840763101,0.022924495394661647,0.45855603978253406,0.11689897254162772,0.23855014735474941,0.024926902382589218
101,0.7373695317902615,0.07678201051122827,0.8884029309231044,0.02196817787081102,0.4594769703067619,0.11688993864823537,0.23746453096276215,0.025168378727050862
102,0.7353643834363799,0.07528189925969914,0.8884719322422064,0.023814951606859057,0.45930044368726985,0.11608921995995779,0.23571068591201255,0.026037429491757375
103,0.7359904967468568,0.07908957963621101,0.8903281857930068,0.021414003263633116,0.4602462119755678,0.1168389263977061,0.2335956067296913,0.025773686149241002
104,0.7399350539784046,0.07638094157460919,0.8918658887178037,0.02078824061948264,0.4599049196159493,0.11609067802389317,0.2321359196462532,0.026395175257315866
105,0.743584828516239,0.07100004376592861,0.8929042799376194,0.020647583541952574,0.4594208538584283,0.11540943524227566,0.23110217133262526,0.026469976400556684
106,0.7413809717669275,0.07367747522696229,0.894185701991225,0.020686479090401683,0.4610559782736897,0.11715408929612392,0.22933223517805423,0.026659286012287012
107,0.7423716715999802,0.07587809374578747,0.8946073668403708,0.02068106140698046,0.4607815733881095,0.11656731991767456,0.2280632288612634,0.026011766458533547
108,0.7430220781040454,0.07647232829504379,0.8950356726315538,0.021245267940880767,0.45986258547712106,0.11856521807747017,0.2266287551401323,0.02629012069209746
109,0.7430220781040454,0.07647232829504379,0.897119090118068,0.02251622972122809,0.46020445293136464,0.11880873439623355,0.2250103784103415,0.02632328953655535
110,0.7418972187114694,0.07703995366044887,0.8975304882669866,0.024389171916543828,0.46209435929451653,0.120291718148899,0.2235544457347966,0.027493797912973707
111,0.7410537983325651,0.07430971776916515,0.8978866497821636,0.02368542698264445,0.46088670504893176,0.11988890067760634,0.22225035788011746,0.027237722630014165
112,0.7406992664817518,0.07945244667831855,0.8993138402920458,0.024479826580896973,0.4615065736703392,0.12097697077993017,0.22087259439026327,0.026951300047058514
113,0.7445395122574812,0.08284227802122202,0.9002710701299105,0.02568834932826923,0.461143815888747,0.12106284474551411,0.2195429937806192,0.02650096932441814
114,0.7445395122574812,0.08284227802122202,0.8999404754518558,0.023945944491895587,0.4617457081624627,0.1189933690945167,0.2184471968419031,0.026470122098281774
115,0.7477805006823152,0.08018495431049148,0.8998630931808286,0.02304246115863177,0.4615882400233219,0.11803485292786499,0.2172969132408517,0.02709771475051857
116,0.7471910646730319,0.08075339962097126,0.9009305810281196,0.02305060844995735,0.46153971572253755,0.11973691545495892,0.2153368300951227,0.027854340349609544
117,0.7483007420923867,0.07976879716080293,0.9022026352779982,0.02232511833622713,0.46255910009729295,0.12023945463437925,0.21388293394074576,0.028099313642824655
118,0.7456900194816642,0.07522007495922005,0.9029030523499832,0.021239716422790395,0.4636286794584172,0.11940349137231547,0.21273359505102474,0.02797525588762928
119,0.7456900194816642,0.07522007495922005,0.9034029228967068,0.022309933171207517,0.4640253670323199,0.11928589971073032,0.2113069414697212,0.027906393921498594
120,0.7456900194816642,0.07522007495922005,0.905014132605469,0.022371013962862535,0.46541008600741246,0.12236952581630768,0.20960929806463052,0.028133344360775057
121,0.7469803420623095,0.07643021538779227,0.9057909809478322,0.022720722338014806,0.46474005943285696,0.12158286175098657,0.20870097469764967,0.028359660495080017
122,0.7447458052503786,0.07804558566819358,0.9074238428485252,0.021349527477376375,0.46473410758424427,0.12095815683776578,0.2076286940380503,0.02824247673145734
123,0.7447508793849774,0.07905007345743206,0.908979620554528,0.022134285137985002,0.46545666482253517,0.11991012304367657,0.20632427285314922,0.028897566465785948
124,0.742551532428347,0.08070208498532892,0.9087120029964464,0.023581999487915964,0.4674131642412707,0.1214591328431121,0.20531786800196272,0.028871255272760712
125,0.7414766667865522,0.08173044041593978,0.9085132456070889,0.021240571226362803,0.46766389059858715,0.12171456848492533,0.20436837773799002,0.028745060246008883
126,0.7446545564948585,0.07859223045397282,0.9087105101842816,0.020913090862658756,0.46874974648583445,0.12165565372430205,0.20342122499765497,0.028771075637788277
127,0.7426122336602128,0.08006020237540211,0.9086884744718334,0.02169345367635291,0.46833261633104045,0.123224419160112,0.20250064740779755,0.028350912112042513
128,0.7448243874095891,0.07801483647543653,0.9095018863202601,0.02249165473824977,0.46806962800467017,0.12476080629158597,0.20128091315886465,0.02838558557855465
129,0.7477801717826964,0.07580503742109448,0.9118573294928896,0.02335727132557097,0.46960315784601325,0.12694154334226268,0.20010510126603523,0.028586279796848153
130,0.7452088580020615,0.07134751411887602,0.9129024940697338,0.023398595911162334,0.4707216657178367,0.12606765814085866,0.19878962597890543,0.02772287374840944
131,0.7412697963135624,0.07100968271969309,0.9144455225421059,0.021810075997581283,0.47134673268386873,0.1265706616053796,0.1970575860754475,0.02756022621625886
132,0.7425457133789533,0.07329501411486711,0.9156349565148367,0.02045155160541655,0.47092033765829366,0.12551610435181107,0.19503374844423785,0.026485396892391416
133,0.7422683120958593,0.07736171713033879,0.9172271109347767,0.020455539664536237,0.47256014946830405,0.12703355415911957,0.19367540325661983,0.02621657241859256
134,0.7422683120958593,0.07736171713033879,0.917901920219434,0.01982627138093757,0.47209546746778364,0.12835655578751348,0.19233083041502858,0.025694405556266918
135,0.7400745186571959,0.07943301865522172,0.9183386674247421,0.018893825649415302,0.47215712569087903,0.12788366847563018,0.19120203612168732,0.026299188032793103
136,0.7419792805619577,0.08132099653358717,0.9187117672059534,0.01865210241006421,0.4725204555562197,0.12891228944753844,0.1901435727869303,0.025472808382655757
137,0.739935064935065,0.08290473318280443,0.9182507467806523,0.01756078506711396,0.47286046262713965,0.13009704291406002,0.18915382776862308,0.025302604525849964
138,0.7421389216843763,0.08058409937377115,0.9194507593109655,0.019092677842044038,0.4731242298088776,0.12986290112216203,0.1882283245856722,0.024956506091307194
139,0.7432215988497306,0.07969797512475192,0.9202391749456176,0.018127311713909713,0.4737671231176722,0.1287907176446873,0.18733907459812882,0.024754959916857645
140,0.7365406375093869,0.07383612172719844,0.9214121774168531,0.0190827943959254,0.4755576451014257,0.12857899772197193,0.1859852659834699,0.02455344789230467
141,0.7354747460365187,0.07475381922173957,0.9226761305237323,0.017076840747563563,0.4757454783452924,0.12836809334138854,0.18490087202988306,0.02469559663371886
142,0.7411897574665416,0.08083984333677278,0.9230740980467399,0.01769251801639321,0.4759273932861082,0.1290198624811376,0.1838800176483151,0.024446135812655256
143,0.7372230658029995,0.07453742604107261,0.9239489429812379,0.018152397846355507,0.4777981211942136,0.12756519429125512,0.182885940753608,0.024346025989158804
144,0.7409929070728408,0.07847735558641947,0.9243610841601864,0.018285412471504166,0.4785123975895235,0.1280609236767149,0.18149318396392547,0.02517884727640386
145,0.7361403886376451,0.07537653167157744,0.9255978615395268,0.019322457038169323,0.47766794433501464,0.12865486811560822,0.1793077564115318,0.026212863629715595
146,0.7328706404154657,0.0784690439077539,0.9264443035921408,0.017665890318644267,0.4800888422707262,0.13170173746906966,0.17837532252881985,0.026104869033887965
147,0.7307676743798199,0.08046723958359493,0.9255549640272548,0.019640017007767557,0.47972885056222836,0.13208598395585985,0.17762808540401123,0.0258972559469871
148,0.7307676743798199,0.08046723958359493,0.9272194681670121,0.017423881384485834,0.47939972461012503,0.1318604564775705,0.17707787859031895,0.025776394804511684
149,0.7297096035136782,0.08137789533403086,0.928264307671685,0.01744473274635757,0.481861648482688,0.13507330834722142,0.1755963686299004,0.025866758483784457
150,0.7316093660433619,0.08333120682047712,0.9278434885904158,0.018043147161536297,0.48165930919798666,0.1347463768878551,0.17474902837511827,0.025666452532368756
151,0.7316093660433619,0.08333120682047712,0.9283279319320688,0.016819031667655394,0.4814872812103004,0.13447737564842402,0.17395829032303808,0.025715939534514665
152,0.7316093660433619,0.08333120682047712,0.9298289918587423,0.017425476444685443,0.4833486942055324,0.13627648010388999,0.17292990977425018,0.025941469317113715
153,0.7317687120408098,0.07966079446932012,0.929407637177385,0.018315053356184788,0.4833311205126537,0.13685710379400992,0.17206559787318526,0.02577959945643767
154,0.7317687120408098,0.07966079446932012,0.9305612867819215,0.017939437455243266,0.4850780872600888,0.13778489526926774,0.1710735292361218,0.025571008959829142
155,0.7339365318883339,0.07763999916418068,0.9301563195616108,0.018123577453876518,0.48377830881154693,0.13682100100094843,0.17001572394002443,0.025010825302694335
156,0.7359714156092642,0.07623936563227976,0.9301964581877756,0.019213308959236362,0.48331067395159655,0.1368820902231891,0.1692248219192145,0.02479915073257811
157,0.7354561717352416,0.07458099646563125,0.930953620728526,0.01895191168134807,0.4841405511122277,0.13592486003673482,0.16822101070690415,0.024512821439642042
158,0.7296712880143114,0.07225904478827068,0.930152777523435,0.017170325020522924,0.48540874915129095,0.1354651827438758,0.1674291729540387,0.024464845648588904
159,0.7316987179487179,0.07071888596188207,0.9308591647690616,0.01687465976586122,0.4849238822524371,0.13614009611554292,0.1665776532701896,0.02396130503443758
160,0.7316987179487179,0.07071888596188207,0.932138475666466,0.01704540938990609,0.4849779798677861,0.13644855269292414,0.16591683247853525,0.023851822223627483
161,0.7310042735042735,0.070125213481192,0.9321407871206141,0.016497516252912674,0.48547865088074377,0.13598304996907595,0.16523021188607742,0.023566996109590937
162,0.7299383820314053,0.07098699369846735,0.9321753362373659,0.01655337188300805,0.49094359781034136,0.13703312414666996,0.1640735211819759,0.023936654271845156
163,0.7316207966459368,0.07729998162650306,0.9329866775677914,0.016766012294602076,0.49146920793314364,0.13859563016646304,0.16337638108497715,0.02399497670570292
164,0.7293799002873934,0.07977646222579461,0.9340901988590466,0.016471433376108253,0.491281992721039,0.14049729665411145,0.1627333228392308,0.023792034844904903
165,0.72742732069572,0.07696084109965326,0.9345605077218744,0.016150010248994758,0.49274210954093683,0.13936769102352786,0.1617489624492215,0.023052421352943164
166,0.731451227435764,0.07448931167863994,0.9350137207855728,0.016522108326956986,0.4939215233852782,0.13945580575614774,0.1609741118807116,0.022883738217104915
167,0.7336280717643506,0.07221619352305232,0.9354141548224657,0.016358494154050583,0.4944193991381963,0.13993153228244137,0.16005588336684357,0.023129776045204962
168,0.7305206421029948,0.0747918250541421,0.9345566649866772,0.016765443599033404,0.4950539081175137,0.14064694266477068,0.15897469987675086,0.02308940052907508
169,0.7284932121685882,0.07621059408879106,0.934852131080173,0.017227645138294174,0.4940555705737383,0.13959013032430534,0.15821889606955,0.023291727164316052
170,0.7284932121685882,0.07621059408879106,0.9361233011894589,0.015649602141505146,0.4938549854479037,0.13991746219092346,0.15743826150372633,0.022876864398424016
171,0.72742732069572,0.07696084109965326,0.9364192693335154,0.016006574631365608,0.49227625084258814,0.1397855357667664,0.15643289303412206,0.02292884687874278
172,0.7289380962756985,0.07384777861409421,0.936922644273525,0.014792820609127087,0.4931418196567906,0.13911306123657713,0.15529658296961438,0.022562922497866327
173,0.7300039877485667,0.07303801878348272,0.937740254336418,0.013444933798117942,0.49301404416270067,0.1397470872731788,0.1545544910660432,0.022292855624134435
174,0.7300490491314171,0.07249548126248057,0.9381084167637683,0.012698178325610219,0.4943591688317294,0.13798301983893693,0.1537507050193605,0.021862593691624313
175,0.7330504244752529,0.07374897468464517,0.938515733819071,0.012600453886542346,0.4944799234509475,0.13794925737782715,0.1531664477253445,0.021913265499214726
176,0.7309237697346448,0.06971035955348445,0.9389198793825795,0.011372396142345483,0.49539825771727497,0.13756378745340342,0.15243583500184968,0.021893751349261532
177,0.7288888860137146,0.07105902051273581,0.9397306440813813,0.01059275076694076,0.49516464574483177,0.13781993436745116,0.15174563427377033,0.021477244282823636
178,0.7309237697346448,0.06971035955348444,0.940527891037091,0.010733978039873894,0.497070555367389,0.14037337640044406,0.15098841235941765,0.021212572684874104
179,0.7296793252902003,0.06857223482750278,0.9409878403431069,0.010777410743413719,0.49729492720101637,0.1399855744807936,0.15029966189512697,0.021103594173705397
180,0.7261656184800835,0.07052979215071531,0.9424825075135083,0.011225992959567353,0.49907025069588096,0.14010921460734177,0.1495292394962051,0.0212415041204656
181,0.7261656184800835,0.07052979215071531,0.9440844254177154,0.010291530310957047,0.5000295798431911,0.1401453025149308,0.14851239174312775,0.021440054982400883
182,0.7238865645592745,0.07016825861570736,0.9452762231332196,0.009732406496317635,0.5008765439006293,0.13873351467498826,0.1474548851207962,0.021493733361848996
183,0.7227855939667784,0.0716532538404384,0.9453285263501021,0.01042585105172141,0.5010863620019361,0.13941009863070836,0.14682659940493448,0.021467758209858946
184,0.7259214482802047,0.06898682632389834,0.9453285263501021,0.01042585105172141,0.5009103439826873,0.1399145161349128,0.14617539372560706,0.021638914633406937
185,0.7248204776877086,0.0705364256455128,0.9449288943565423,0.010385433938351457,0.5004868369477834,0.13981132008554795,0.1456917354672686,0.021682702766886757
186,0.724933573106283,0.06946000015862298,0.944888785754058,0.011029768050537223,0.5011151359127737,0.1402574482293376,0.14495356615434316,0.021793077615290656
187,0.724933573106283,0.06946000015862298,0.9460180602459877,0.008956741333876831,0.5027956281769577,0.1413287213704502,0.1440894658579302,0.021424456700231038
188,0.724933573106283,0.06946000015862298,0.9456601164819718,0.009044353220975307,0.5037331987740769,0.14214623305930918,0.1434903540544978,0.021361962014858335
189,0.7279397697709953,0.06952537635564707,0.9452338648061096,0.00911739780466111,0.5047753725833453,0.142091110752024,0.14256070379431846,0.02135264953325709
190,0.727994873779812,0.06945364371982483,0.9456277957530232,0.009558551109071814,0.5052454821258335,0.14156175167497786,0.14168362251375952,0.02135115641026752
191,0.7290682190392037,0.0688026693417797,0.9475560348078924,0.010196629560577682,0.5067682581580749,0.14289794985463955,0.1404331686400764,0.021339897137707325
192,0.7231831317770794,0.0674588483959867,0.9479555879957253,0.010019986908780573,0.5074210844414145,0.14371318711675873,0.13980403163249938,0.0214656435672119
193,0.7219316822537236,0.06971816775440957,0.9489841760732413,0.010820403822037299,0.5089407675456992,0.14693943166502016,0.13819291980610035,0.021508476933295488
194,0.7219316822537236,0.06971816775440957,0.9489841760732413,0.010820403822037299,0.5088286677932732,0.14711651951188598,0.1376358164439342,0.02157132447463329
